Player,Position,Championship Season,Championship Goals,FPL Season,FPL Points,FPL Goals,FPL Assists,FPL Value,Player (FPL Season),Player (FPL Season) - Short,Championship Team,FPL Team
Aleksandar Mitrović,FWD,2021-22,43,2022-23,107.0,14.0,2.0,65.0,Aleksandar Mitrović (2022-23),Mitrović: 22/23,Fulham,Fulham
Ivan Toney,FWD,2020-21,30,2021-22,139.0,12.0,5.0,65.0,Ivan Toney (2021-22),Toney: 21/22,Brentford,Brentford
Teemu Pukki,FWD,2018-19,29,2019-20,139.0,11.0,3.0,65.0,Teemu Pukki (2019-20),Pukki: 19/20,Norwich,Norwich
Dominic Solanke,FWD,2021-22,29,2022-23,130.0,6.0,10.0,60.0,Dominic Solanke (2022-23),Solanke: 22/23,Bournemouth,Bournemouth
Aleksandar Mitrović,FWD,2019-20,26,2020-21,63.0,3.0,3.0,60.0,Aleksandar Mitrović (2020-21),Mitrović: 20/21,Fulham,Fulham
Teemu Pukki,FWD,2020-21,26,2021-22,142.0,11.0,3.0,60.0,Teemu Pukki (2021-22),Pukki: 21/22,Norwich,Norwich
Andre Gray,FWD,2015-16,25,2016-17,108.0,9.0,3.0,65.0,Andre Gray (2016-17),Gray: 16/17,Burnley,Burnley
Glenn Murray,FWD,2016-17,23,2017-18,111.0,12.0,0.0,60.0,Glenn Murray (2017-18),Murray: 17/18,Brighton,Brighton
Dwight Gayle,FWD,2016-17,23,2017-18,94.0,6.0,3.0,65.0,Dwight Gayle (2017-18),Gayle: 17/18,Newcastle,Newcastle
Billy Sharp,FWD,2018-19,23,2019-20,57.0,3.0,2.0,60.0,Billy Sharp (2019-20),Sharp: 19/20,Sheffield Utd,Sheffield Utd
Abel Hernández,FWD,2015-16,20,2016-17,72.0,4.0,4.0,60.0,Abel Hernández (2016-17),Hernández: 16/17,Hull,Hull
Carlton Morris,FWD,2022-23,20,2023-24,146.0,11.0,6.0,55.0,Carlton Morris (2023-24),Morris: 23/24,Luton,Luton
Diogo Jota,MID,2017-18,17,2018-19,139.0,9.0,8.0,65.0,Diogo Jota (2018-19),Jota: 18/19,Wolves,Wolves
Patrick Bamford,FWD,2019-20,16,2020-21,194.0,17.0,11.0,55.0,Patrick Bamford (2020-21),Bamford: 20/21,Leeds,Leeds
Jordan Rhodes,FWD,2015-16,16,2016-17,8.0,0.0,0.0,60.0,Jordan Rhodes (2016-17),Rhodes: 16/17,Middlesbrough,Middlesbrough
Brennan Johnson,FWD,2021-22,16,2022-23,122.0,8.0,5.0,60.0,Brennan Johnson (2022-23),Johnson: 22/23,Nott'm Forest,Nott'm Forest
Ryan Sessegnon,MID,2017-18,15,2018-19,94.0,2.0,7.0,65.0,Ryan Sessegnon (2018-19),Sessegnon: 18/19,Fulham,Fulham
David McGoldrick,FWD,2018-19,15,2019-20,65.0,2.0,2.0,55.0,David McGoldrick (2019-20),McGoldrick: 19/20,Sheffield Utd,Sheffield Utd
Sam Vokes,FWD,2015-16,15,2016-17,121.0,10.0,4.0,60.0,Sam Vokes (2016-17),Vokes: 16/17,Burnley,Burnley
Anthony Knockaert,MID,2016-17,15,2017-18,88.0,3.0,1.0,60.0,Anthony Knockaert (2017-18),Knockaert: 17/18,Brighton,Brighton
Iliman Ndiaye,FWD,2022-23,14,2023-24,0.0,0.0,0.0,55.0,Iliman Ndiaye (2023-24),Ndiaye: 23/24,Sheffield Utd,Sheffield Utd
Ismaïla Sarr,MID,2020-21,13,2021-22,81.0,5.0,2.0,60.0,Ismaïla Sarr (2021-22),Sarr: 21/22,Watford,Watford
Oliver McBurnie,FWD,2022-23,13,2023-24,66.0,6.0,3.0,55.0,Oliver McBurnie (2023-24),McBurnie: 23/24,Sheffield Utd,Sheffield Utd
Elias Kachunga,MID,2016-17,12,2017-18,46.0,1.0,1.0,60.0,Elias Kachunga (2017-18),Kachunga: 17/18,Huddersfield,Huddersfield
Aleksandar Mitrović,FWD,2017-18,12,2018-19,134.0,11.0,4.0,65.0,Aleksandar Mitrović (2018-19),Mitrović: 18/19,Fulham,Fulham
Matt Ritchie,MID,2016-17,12,2017-18,116.0,3.0,7.0,60.0,Matt Ritchie (2017-18),Ritchie: 17/18,Newcastle,Newcastle
Manuel Benson,MID,2022-23,12,2023-24,8.0,0.0,0.0,55.0,Manuel Benson (2023-24),Benson: 23/24,Burnley,Burnley
Tomer Hemed,FWD,2016-17,11,2017-18,43.0,2.0,2.0,50.0,Tomer Hemed (2017-18),Hemed: 17/18,Brighton,Brighton
Philip Billing,MID,2021-22,10,2022-23,126.0,7.0,2.0,55.0,Philip Billing (2022-23),Billing: 22/23,Bournemouth,Bournemouth
Jay Rodriguez,FWD,2022-23,10,2023-24,41.0,2.0,1.0,55.0,Jay Rodriguez (2023-24),Rodriguez: 23/24,Burnley,Burnley
Callum Paterson,MID,2017-18,10,2018-19,80.0,4.0,2.0,55.0,Callum Paterson (2018-19),Paterson: 18/19,Cardiff,Cardiff
Gary Madine,FWD,2017-18,10,2018-19,5.0,0.0,0.0,45.0,Gary Madine (2018-19),Madine: 18/19,Cardiff,Cardiff
Harry Wilson,MID,2021-22,10,2022-23,68.0,2.0,5.0,60.0,Harry Wilson (2022-23),Wilson: 22/23,Fulham,Fulham
Charlie Austin,FWD,2019-20,10,2020-21,5.0,0.0,0.0,55.0,Charlie Austin (2020-21),Austin: 20/21,West Brom,West Brom
Hal Robson-Kanu,FWD,2019-20,10,2020-21,30.0,2.0,0.0,55.0,Hal Robson-Kanu (2020-21),Robson/Kanu: 20/21,West Brom,West Brom
Mario Vrančić,MID,2018-19,10,2019-20,29.0,1.0,0.0,65.0,Mario Vrančić (2019-20),Vrančić: 19/20,Norwich,Norwich
Sam Baldock,FWD,2016-17,10,2017-18,2.0,0.0,0.0,50.0,Sam Baldock (2017-18),Baldock: 17/18,Brighton,Brighton
Ivan Cavaleiro,MID,2017-18,9,2018-19,48.0,3.0,1.0,55.0,Ivan Cavaleiro (2018-19),Cavaleiro: 18/19,Wolves,Wolves
Kenneth Zohoré,FWD,2017-18,9,2018-19,33.0,1.0,1.0,50.0,Kenneth Zohoré (2018-19),Zohoré: 18/19,Cardiff,Cardiff
Ayoze Pérez,FWD,2016-17,9,2017-18,124.0,8.0,6.0,55.0,Ayoze Pérez (2017-18),Pérez: 17/18,Newcastle,Newcastle
Junior Hoilett,MID,2017-18,9,2018-19,82.0,3.0,2.0,55.0,Junior Hoilett (2018-19),Hoilett: 18/19,Cardiff,Cardiff
Jonathan Kodjia,FWD,2018-19,9,2019-20,5.0,0.0,0.0,55.0,Jonathan Kodjia (2019-20),Kodjia: 19/20,Aston Villa,Aston Villa
Marco Stiepermann,MID,2018-19,9,2019-20,32.0,0.0,0.0,55.0,Marco Stiepermann (2019-20),Stiepermann: 19/20,Norwich,Norwich
Pablo Hernández,MID,2019-20,9,2020-21,28.0,0.0,3.0,60.0,Pablo Hernández (2020-21),Hernández: 20/21,Leeds,Leeds
Neeskens Kebano,MID,2021-22,9,2022-23,40.0,0.0,4.0,55.0,Neeskens Kebano (2022-23),Kebano: 22/23,Fulham,Fulham
James McAtee,MID,2022-23,9,2023-24,77.0,3.0,4.0,45.0,James McAtee (2023-24),McAtee: 23/24,Sheffield Utd,Sheffield Utd
Momo Diamé,MID,2015-16,9,2016-17,0.0,0.0,0.0,55.0,Momo Diamé (2016-17),Diamé: 16/17,Hull,Hull
Sergi Canós,MID,2020-21,9,2021-22,81.0,3.0,3.0,55.0,Sergi Canós (2021-22),Canós: 21/22,Brentford,Brentford
Tom Cairney,MID,2019-20,8,2020-21,27.0,1.0,1.0,55.0,Tom Cairney (2020-21),Cairney: 20/21,Fulham,Fulham
Ryan Yates,MID,2021-22,8,2022-23,53.0,0.0,3.0,50.0,Ryan Yates (2022-23),Yates: 22/23,Nott'm Forest,Nott'm Forest
Lyle Taylor,FWD,2021-22,8,2022-23,0.0,0.0,0.0,45.0,Lyle Taylor (2022-23),Taylor: 22/23,Nott'm Forest,Nott'm Forest
Bobby De Cordova-Reid,MID,2021-22,8,2022-23,90.0,4.0,1.0,55.0,Bobby De Cordova-Reid (2022-23),De Cordova/Reid: 22/23,Fulham,Fulham
Stefan Johansen,MID,2017-18,8,2018-19,11.0,0.0,0.0,55.0,Stefan Johansen (2018-19),Johansen: 18/19,Fulham,Fulham
David Nugent,FWD,2015-16,8,2016-17,4.0,0.0,0.0,50.0,David Nugent (2016-17),Nugent: 16/17,Middlesbrough,Middlesbrough
Kamil Grosicki,MID,2019-20,8,2020-21,8.0,0.0,1.0,55.0,Kamil Grosicki (2020-21),Grosicki: 20/21,West Brom,West Brom
Jaidon Anthony,MID,2021-22,8,2022-23,61.0,3.0,1.0,55.0,Jaidon Anthony (2022-23),Anthony: 22/23,Bournemouth,Bournemouth
Onel Hernández,MID,2018-19,8,2019-20,52.0,1.0,2.0,55.0,Onel Hernández (2019-20),Hernández: 19/20,Norwich,Norwich
Scott Arfield,MID,2015-16,8,2016-17,69.0,1.0,2.0,55.0,Scott Arfield (2016-17),Arfield: 16/17,Burnley,Burnley
Matheus Pereira,MID,2019-20,8,2020-21,153.0,11.0,7.0,60.0,Matheus Pereira (2020-21),Pereira: 20/21,West Brom,West Brom
Grady Diangana,MID,2019-20,8,2020-21,39.0,1.0,0.0,55.0,Grady Diangana (2020-21),Diangana: 20/21,West Brom,West Brom
Emiliano Buendia,MID,2018-19,8,2019-20,94.0,1.0,7.0,60.0,Emiliano Buendia (2019-20),Buendia: 19/20,Norwich,Norwich
Bryan Mbeumo,MID,2020-21,8,2021-22,119.0,4.0,7.0,55.0,Bryan Mbeumo (2021-22),Mbeumo: 21/22,Brentford,Brentford
Gastón Ramírez,MID,2015-16,7,2016-17,59.0,2.0,3.0,55.0,Gastón Ramírez (2016-17),Ramírez: 16/17,Middlesbrough,Middlesbrough
Joe Ralls,MID,2017-18,7,2018-19,45.0,0.0,0.0,50.0,Joe Ralls (2018-19),Ralls: 18/19,Cardiff,Cardiff
Sean Morrison,DEF,2017-18,7,2018-19,97.0,1.0,4.0,50.0,Sean Morrison (2018-19),Morrison: 18/19,Cardiff,Cardiff
Aboubakar Kamara,FWD,2017-18,7,2018-19,28.0,3.0,0.0,45.0,Aboubakar Kamara (2018-19),Kamara: 18/19,Fulham,Fulham
Troy Deeney,FWD,2020-21,7,2021-22,2.0,0.0,0.0,55.0,Troy Deeney (2021-22),Deeney: 21/22,Watford,Watford
Conor Hourihane,MID,2018-19,7,2019-20,83.0,3.0,5.0,60.0,Conor Hourihane (2019-20),Hourihane: 19/20,Aston Villa,Aston Villa
Matthew Phillips,MID,2019-20,7,2020-21,69.0,2.0,1.0,55.0,Matthew Phillips (2020-21),Phillips: 20/21,West Brom,West Brom
Elijah Adebayo,FWD,2022-23,7,2023-24,94.0,10.0,1.0,50.0,Elijah Adebayo (2023-24),Adebayo: 23/24,Luton,Luton
Josh Brownhill,MID,2022-23,7,2023-24,78.0,4.0,2.0,50.0,Josh Brownhill (2023-24),Brownhill: 23/24,Burnley,Burnley
Marcus Forss,FWD,2020-21,7,2021-22,11.0,0.0,1.0,55.0,Marcus Forss (2021-22),Forss: 21/22,Brentford,Brentford
Cristhian Stuani,FWD,2015-16,7,2016-17,54.0,4.0,0.0,50.0,Cristhian Stuani (2016-17),Stuani: 16/17,Middlesbrough,Middlesbrough
Mateusz Klich,MID,2019-20,6,2020-21,99.0,4.0,5.0,55.0,Mateusz Klich (2020-21),Klich: 20/21,Leeds,Leeds
Nathaniel Mendez-Laing,MID,2017-18,6,2018-19,63.0,4.0,1.0,50.0,Nathaniel Mendez-Laing (2018-19),Mendez/Laing: 18/19,Cardiff,Cardiff
Albert Adomah,MID,2015-16,6,2016-17,3.0,0.0,0.0,55.0,Albert Adomah (2016-17),Adomah: 16/17,Middlesbrough,Middlesbrough
Ezgjan Alioski,DEF,2019-20,6,2020-21,110.0,2.0,3.0,45.0,Ezgjan Alioski (2020-21),Alioski: 20/21,Leeds,Leeds
Bobby De Cordova-Reid,FWD,2019-20,6,2020-21,88.0,5.0,3.0,55.0,Bobby De Cordova-Reid (2020-21),De Cordova/Reid: 20/21,Fulham,Fulham
Jack Harrison,MID,2019-20,6,2020-21,160.0,8.0,10.0,55.0,Jack Harrison (2020-21),Harrison: 20/21,Leeds,Leeds
John McGinn,MID,2018-19,6,2019-20,84.0,3.0,3.0,55.0,John McGinn (2019-20),McGinn: 19/20,Aston Villa,Aston Villa
Jack Grealish,MID,2018-19,6,2019-20,149.0,8.0,7.0,60.0,Jack Grealish (2019-20),Grealish: 19/20,Aston Villa,Aston Villa
Mark Duffy,MID,2018-19,6,2019-20,0.0,0.0,0.0,55.0,Mark Duffy (2019-20),Duffy: 19/20,Sheffield Utd,Sheffield Utd
Anass Zaroury,MID,2022-23,6,2023-24,4.0,0.0,0.0,50.0,Anass Zaroury (2023-24),Zaroury: 23/24,Burnley,Burnley
Anel Ahmedhodžić,DEF,2022-23,6,2023-24,31.0,2.0,0.0,45.0,Anel Ahmedhodžić (2023-24),Ahmedhodžić: 23/24,Sheffield Utd,Sheffield Utd
Sam Clucas,MID,2015-16,6,2016-17,87.0,3.0,1.0,50.0,Sam Clucas (2016-17),Clucas: 16/17,Hull,Hull
Todd Cantwell,MID,2020-21,6,2021-22,10.0,0.0,0.0,55.0,Todd Cantwell (2021-22),Cantwell: 21/22,Norwich,Norwich
Christian Atsu,MID,2016-17,5,2017-18,78.0,2.0,4.0,50.0,Christian Atsu (2017-18),Atsu: 17/18,Newcastle,Newcastle
George Boyd,MID,2015-16,5,2016-17,92.0,2.0,2.0,55.0,George Boyd (2016-17),Boyd: 16/17,Burnley,Burnley
Joshua Dasilva,MID,2020-21,5,2021-22,7.0,0.0,0.0,55.0,Joshua Dasilva (2021-22),Dasilva: 21/22,Brentford,Brentford
Kieran Dowell,MID,2020-21,5,2021-22,41.0,1.0,1.0,55.0,Kieran Dowell (2021-22),Dowell: 21/22,Norwich,Norwich
Tariqe Fosu,MID,2020-21,5,2021-22,1.0,0.0,0.0,55.0,Tariqe Fosu (2021-22),Fosu: 21/22,Brentford,Brentford
Jonjo Shelvey,MID,2016-17,5,2017-18,73.0,1.0,4.0,55.0,Jonjo Shelvey (2017-18),Shelvey: 17/18,Newcastle,Newcastle
Ken Sema,MID,2020-21,5,2021-22,26.0,0.0,0.0,55.0,Ken Sema (2021-22),Sema: 21/22,Watford,Watford
Michael Keane,DEF,2015-16,5,2016-17,113.0,2.0,1.0,50.0,Michael Keane (2016-17),Keane: 16/17,Burnley,Burnley
Anwar el Ghazi,MID,2018-19,5,2019-20,93.0,4.0,5.0,55.0,Anwar el Ghazi (2019-20),el Ghazi: 19/20,Aston Villa,Aston Villa
James Chester,DEF,2018-19,5,2019-20,0.0,0.0,0.0,45.0,James Chester (2019-20),Chester: 19/20,Aston Villa,Aston Villa
Yoan Gouffran,MID,2016-17,5,2017-18,0.0,0.0,0.0,50.0,Yoan Gouffran (2017-18),Gouffran: 17/18,Newcastle,Newcastle
Andre Gray,FWD,2020-21,5,2021-22,0.0,0.0,0.0,55.0,Andre Gray (2021-22),Gray: 21/22,Watford,Watford
Stuart Dallas,DEF,2019-20,5,2020-21,171.0,8.0,3.0,45.0,Stuart Dallas (2020-21),Dallas: 20/21,Leeds,Leeds
Barry Douglas,DEF,2017-18,5,2018-19,0.0,0.0,0.0,50.0,Barry Douglas (2018-19),Douglas: 18/19,Wolves,Wolves
Jonathan Leko,MID,2019-20,5,2020-21,0.0,0.0,0.0,45.0,Jonathan Leko (2020-21),Leko: 20/21,West Brom,West Brom
Tom Cairney,MID,2017-18,5,2018-19,71.0,1.0,1.0,50.0,Tom Cairney (2018-19),Cairney: 18/19,Fulham,Fulham
Daryl Murphy,FWD,2016-17,5,2017-18,0.0,0.0,0.0,45.0,Daryl Murphy (2017-18),Murphy: 17/18,Newcastle,Newcastle
Hélder Costa,MID,2017-18,5,2018-19,52.0,1.0,2.0,50.0,Hélder Costa (2018-19),Costa: 18/19,Wolves,Wolves
Connor Roberts,DEF,2022-23,4,2023-24,12.0,0.0,1.0,45.0,Connor Roberts (2023-24),Roberts: 23/24,Burnley,Burnley
Grant Leadbitter,MID,2015-16,4,2016-17,28.0,1.0,0.0,50.0,Grant Leadbitter (2016-17),Leadbitter: 16/17,Middlesbrough,Middlesbrough
Jóhann Guðmundsson,MID,2022-23,4,2023-24,48.0,1.0,3.0,50.0,Jóhann Guðmundsson (2023-24),Guðmundsson: 23/24,Burnley,Burnley
Chris Basham,DEF,2018-19,4,2019-20,123.0,0.0,1.0,45.0,Chris Basham (2019-20),Basham: 19/20,Sheffield Utd,Sheffield Utd
Enda Stevens,DEF,2018-19,4,2019-20,142.0,2.0,4.0,50.0,Enda Stevens (2019-20),Stevens: 19/20,Sheffield Utd,Sheffield Utd
Timm Klose,DEF,2018-19,4,2019-20,9.0,0.0,0.0,45.0,Timm Klose (2019-20),Klose: 19/20,Norwich,Norwich
Jordan Hugill,FWD,2020-21,4,2021-22,0.0,0.0,0.0,55.0,Jordan Hugill (2021-22),Hugill: 21/22,Norwich,Norwich
Dan Gosling,MID,2020-21,4,2021-22,11.0,1.0,0.0,50.0,Dan Gosling (2021-22),Gosling: 21/22,Watford,Watford
Tom Cleverley,MID,2020-21,4,2021-22,48.0,0.0,2.0,50.0,Tom Cleverley (2021-22),Cleverley: 21/22,Watford,Watford
Tyler Roberts,MID,2019-20,4,2020-21,49.0,1.0,2.0,50.0,Tyler Roberts (2020-21),Roberts: 20/21,Leeds,Leeds
Aboubakar Kamara,MID,2019-20,4,2020-21,8.0,0.0,0.0,50.0,Aboubakar Kamara (2020-21),Kamara: 20/21,Fulham,Fulham
Luke Ayling,DEF,2019-20,4,2020-21,100.0,0.0,0.0,45.0,Luke Ayling (2020-21),Ayling: 20/21,Leeds,Leeds
Ben Godfrey,DEF,2018-19,4,2019-20,38.0,0.0,0.0,45.0,Ben Godfrey (2019-20),Godfrey: 19/20,Norwich,Norwich
Aleksandar Mitrović,FWD,2016-17,4,2017-18,10.0,1.0,0.0,50.0,Aleksandar Mitrović (2017-18),Mitrović: 17/18,Newcastle,Newcastle
Danny Ward,MID,2017-18,4,2018-19,22.0,1.0,0.0,45.0,Danny Ward (2018-19),Ward: 18/19,Cardiff,Cardiff
Tommy Smith,DEF,2016-17,4,2017-18,50.0,0.0,1.0,50.0,Tommy Smith (2017-18),Smith: 17/18,Huddersfield,Huddersfield
Aaron Mooy,MID,2016-17,4,2017-18,113.0,4.0,3.0,55.0,Aaron Mooy (2017-18),Mooy: 17/18,Huddersfield,Huddersfield
Floyd Ayité,MID,2017-18,4,2018-19,24.0,1.0,0.0,45.0,Floyd Ayité (2018-19),Ayité: 18/19,Fulham,Fulham
Sol Bamba,DEF,2017-18,4,2018-19,95.0,4.0,1.0,45.0,Sol Bamba (2018-19),Bamba: 18/19,Cardiff,Cardiff
Matt Doherty,DEF,2017-18,4,2018-19,144.0,4.0,7.0,45.0,Matt Doherty (2018-19),Doherty: 18/19,Wolves,Wolves
Romain Saïss,DEF,2017-18,4,2018-19,47.0,2.0,0.0,45.0,Romain Saïss (2018-19),Saïss: 18/19,Wolves,Wolves
Solly March,MID,2016-17,3,2017-18,74.0,1.0,3.0,50.0,Solly March (2017-18),March: 17/18,Brighton,Brighton
Jamaal Lascelles,DEF,2016-17,3,2017-18,116.0,3.0,0.0,45.0,Jamaal Lascelles (2017-18),Lascelles: 17/18,Newcastle,Newcastle
Willy Boly,DEF,2017-18,3,2018-19,120.0,4.0,0.0,45.0,Willy Boly (2018-19),Boly: 18/19,Wolves,Wolves
Omar Bogle,FWD,2017-18,3,2018-19,0.0,0.0,0.0,45.0,Omar Bogle (2018-19),Bogle: 18/19,Cardiff,Cardiff
Emilio N'Sue,DEF,2015-16,3,2016-17,10.0,0.0,0.0,45.0,Emilio N'Sue (2016-17),N'Sue: 16/17,Middlesbrough,Middlesbrough
Luke Berry,MID,2022-23,3,2023-24,31.0,2.0,1.0,50.0,Luke Berry (2023-24),Berry: 23/24,Luton,Luton
Allan Campbell,MID,2022-23,3,2023-24,0.0,0.0,0.0,50.0,Allan Campbell (2023-24),Campbell: 23/24,Luton,Luton
Neeskens Kebano,MID,2017-18,3,2018-19,7.0,0.0,0.0,45.0,Neeskens Kebano (2018-19),Kebano: 18/19,Fulham,Fulham
Pelly-Ruddock Mpanzu,MID,2022-23,3,2023-24,35.0,0.0,0.0,50.0,Pelly-Ruddock Mpanzu (2023-24),Mpanzu: 23/24,Luton,Luton
Neeskens Kebano,MID,2019-20,3,2020-21,6.0,0.0,0.0,50.0,Neeskens Kebano (2020-21),Kebano: 20/21,Fulham,Fulham
Anthony Knockaert,MID,2019-20,3,2020-21,0.0,0.0,0.0,55.0,Anthony Knockaert (2020-21),Knockaert: 20/21,Fulham,Fulham
Jordan Zemura,DEF,2021-22,3,2022-23,47.0,0.0,1.0,45.0,Jordan Zemura (2022-23),Zemura: 22/23,Bournemouth,Bournemouth
Jack Colback,MID,2021-22,3,2022-23,14.0,0.0,0.0,45.0,Jack Colback (2022-23),Colback: 22/23,Nott'm Forest,Nott'm Forest
Ryan Christie,MID,2021-22,3,2022-23,64.0,1.0,2.0,55.0,Ryan Christie (2022-23),Christie: 22/23,Bournemouth,Bournemouth
Tom Cairney,MID,2021-22,3,2022-23,53.0,2.0,1.0,50.0,Tom Cairney (2022-23),Cairney: 22/23,Fulham,Fulham
Adama Diomandé,FWD,2015-16,3,2016-17,42.0,2.0,0.0,45.0,Adama Diomandé (2016-17),Diomandé: 16/17,Hull,Hull
Stewart Downing,MID,2015-16,3,2016-17,77.0,1.0,3.0,55.0,Stewart Downing (2016-17),Downing: 16/17,Middlesbrough,Middlesbrough
Ahmed Elmohamady,MID,2015-16,3,2016-17,62.0,0.0,2.0,50.0,Ahmed Elmohamady (2016-17),Elmohamady: 16/17,Hull,Hull
Kenneth Zohoré,FWD,2019-20,3,2020-21,0.0,0.0,0.0,50.0,Kenneth Zohoré (2020-21),Zohoré: 20/21,West Brom,West Brom
Callum Robinson,FWD,2019-20,3,2020-21,79.0,5.0,3.0,55.0,Callum Robinson (2020-21),Robinson: 20/21,West Brom,West Brom
Josh Onomah,MID,2019-20,3,2020-21,13.0,0.0,0.0,50.0,Josh Onomah (2020-21),Onomah: 20/21,Fulham,Fulham
Dara O'Shea,DEF,2019-20,3,2020-21,41.0,0.0,0.0,45.0,Dara O'Shea (2020-21),O'Shea: 20/21,West Brom,West Brom
Jake Livermore,MID,2019-20,3,2020-21,25.0,0.0,0.0,50.0,Jake Livermore (2020-21),Livermore: 20/21,West Brom,West Brom
Jack Robinson,DEF,2022-23,3,2023-24,33.0,1.0,1.0,45.0,Jack Robinson (2023-24),Robinson: 23/24,Sheffield Utd,Sheffield Utd
Kevin McDonald,MID,2017-18,3,2018-19,17.0,0.0,0.0,45.0,Kevin McDonald (2018-19),McDonald: 18/19,Fulham,Fulham
Nathaniel Chalobah,MID,2020-21,3,2021-22,0.0,0.0,0.0,50.0,Nathaniel Chalobah (2021-22),Chalobah: 21/22,Watford,Watford
Ciaran Clark,DEF,2016-17,3,2017-18,64.0,2.0,1.0,45.0,Ciaran Clark (2017-18),Clark: 17/18,Newcastle,Newcastle
Momo Diamé,MID,2016-17,3,2017-18,70.0,2.0,0.0,50.0,Momo Diamé (2017-18),Diamé: 17/18,Newcastle,Newcastle
Michael Hefele,DEF,2016-17,3,2017-18,1.0,0.0,0.0,45.0,Michael Hefele (2017-18),Hefele: 17/18,Huddersfield,Huddersfield
Kenny McLean,MID,2018-19,3,2019-20,77.0,1.0,1.0,50.0,Kenny McLean (2019-20),McLean: 19/20,Norwich,Norwich
Oliver Norwood,MID,2018-19,3,2019-20,98.0,1.0,3.0,50.0,Oliver Norwood (2019-20),Norwood: 19/20,Sheffield Utd,Sheffield Utd
Jack O'Connell,DEF,2018-19,3,2019-20,111.0,0.0,1.0,45.0,Jack O'Connell (2019-20),O'Connell: 19/20,Sheffield Utd,Sheffield Utd
Scott Twine,MID,2022-23,3,2023-24,0.0,0.0,0.0,50.0,Scott Twine (2023-24),Twine: 23/24,Burnley,Burnley
Vitaly Janelt,MID,2020-21,3,2021-22,90.0,4.0,0.0,50.0,Vitaly Janelt (2021-22),Janelt: 21/22,Brentford,Brentford
Adam Idah,FWD,2020-21,3,2021-22,36.0,1.0,2.0,50.0,Adam Idah (2021-22),Idah: 21/22,Norwich,Norwich
Saman Ghoddos,MID,2020-21,3,2021-22,30.0,1.0,2.0,55.0,Saman Ghoddos (2021-22),Ghoddos: 21/22,Brentford,Brentford
Tom Lockyer,DEF,2022-23,3,2023-24,23.0,1.0,1.0,45.0,Tom Lockyer (2023-24),Lockyer: 23/24,Luton,Luton
Anthony Pilkington,MID,2017-18,3,2018-19,0.0,0.0,0.0,45.0,Anthony Pilkington (2018-19),Pilkington: 18/19,Cardiff,Cardiff
Tosin Adarabioyo,DEF,2021-22,2,2022-23,49.0,1.0,0.0,45.0,Tosin Adarabioyo (2022-23),Adarabioyo: 22/23,Fulham,Fulham
Andy Robertson,DEF,2015-16,2,2016-17,73.0,1.0,2.0,45.0,Andy Robertson (2016-17),Robertson: 16/17,Hull,Hull
David Meyler,MID,2015-16,2,2016-17,33.0,1.0,0.0,45.0,David Meyler (2016-17),Meyler: 16/17,Hull,Hull
Kenny Tete,DEF,2021-22,2,2022-23,90.0,1.0,5.0,45.0,Kenny Tete (2022-23),Tete: 22/23,Fulham,Fulham
Antonee Robinson,DEF,2021-22,2,2022-23,93.0,0.0,2.0,45.0,Antonee Robinson (2022-23),Robinson: 22/23,Fulham,Fulham
Scott McKenna,DEF,2021-22,2,2022-23,40.0,0.0,0.0,45.0,Scott McKenna (2022-23),McKenna: 22/23,Nott'm Forest,Nott'm Forest
Daniel Ayala,DEF,2015-16,2,2016-17,31.0,1.0,0.0,50.0,Daniel Ayala (2016-17),Ayala: 16/17,Middlesbrough,Middlesbrough
Curtis Davies,DEF,2015-16,2,2016-17,38.0,0.0,2.0,50.0,Curtis Davies (2016-17),Davies: 16/17,Hull,Hull
Kenny McLean,MID,2020-21,2,2021-22,69.0,1.0,0.0,50.0,Kenny McLean (2021-22),McLean: 21/22,Norwich,Norwich
Adam Masina,DEF,2020-21,2,2021-22,25.0,0.0,1.0,45.0,Adam Masina (2021-22),Masina: 21/22,Watford,Watford
Mathias Jensen,MID,2020-21,2,2021-22,54.0,0.0,1.0,50.0,Mathias Jensen (2021-22),Jensen: 21/22,Brentford,Brentford
Adam Forshaw,MID,2015-16,2,2016-17,77.0,0.0,2.0,45.0,Adam Forshaw (2016-17),Forshaw: 16/17,Middlesbrough,Middlesbrough
Max Aarons,DEF,2020-21,2,2021-22,55.0,0.0,2.0,45.0,Max Aarons (2021-22),Aarons: 21/22,Norwich,Norwich
Tom Huddlestone,MID,2015-16,2,2016-17,62.0,1.0,2.0,50.0,Tom Huddlestone (2016-17),Huddlestone: 16/17,Hull,Hull
Ben Mee,DEF,2015-16,2,2016-17,94.0,1.0,2.0,45.0,Ben Mee (2016-17),Mee: 16/17,Burnley,Burnley
Ivan Cavaleiro,MID,2021-22,2,2022-23,0.0,0.0,0.0,50.0,Ivan Cavaleiro (2022-23),Cavaleiro: 22/23,Fulham,Fulham
Jamie Shackleton,MID,2019-20,2,2020-21,17.0,0.0,0.0,50.0,Jamie Shackleton (2020-21),Shackleton: 20/21,Leeds,Leeds
Kieron Freeman,DEF,2018-19,2,2019-20,2.0,0.0,0.0,45.0,Kieron Freeman (2019-20),Freeman: 19/20,Sheffield Utd,Sheffield Utd
Ahmed Elmohamady,DEF,2018-19,2,2019-20,39.0,1.0,1.0,45.0,Ahmed Elmohamady (2019-20),Elmohamady: 19/20,Aston Villa,Aston Villa
Birkir Bjarnason,MID,2018-19,2,2019-20,0.0,0.0,0.0,45.0,Birkir Bjarnason (2019-20),Bjarnason: 19/20,Aston Villa,Aston Villa
Max Aarons,DEF,2018-19,2,2019-20,66.0,0.0,2.0,45.0,Max Aarons (2019-20),Aarons: 19/20,Norwich,Norwich
Cauley Woodrow,FWD,2022-23,2,2023-24,33.0,1.0,1.0,45.0,Cauley Woodrow (2023-24),Woodrow: 23/24,Luton,Luton
Kalvin Phillips,MID,2019-20,2,2020-21,67.0,1.0,2.0,50.0,Kalvin Phillips (2020-21),Phillips: 20/21,Leeds,Leeds
Rajiv van La Parra,MID,2016-17,2,2017-18,74.0,3.0,0.0,50.0,Rajiv van La Parra (2017-18),van La Parra: 17/18,Huddersfield,Huddersfield
Dale Stephens,MID,2016-17,2,2017-18,87.0,0.0,3.0,45.0,Dale Stephens (2017-18),Stephens: 17/18,Brighton,Brighton
Christopher Schindler,DEF,2016-17,2,2017-18,102.0,0.0,2.0,45.0,Christopher Schindler (2017-18),Schindler: 17/18,Huddersfield,Huddersfield
Collin Quaner,FWD,2016-17,2,2017-18,44.0,0.0,4.0,45.0,Collin Quaner (2017-18),Quaner: 17/18,Huddersfield,Huddersfield
Jack Payne,MID,2016-17,2,2017-18,0.0,0.0,0.0,45.0,Jack Payne (2017-18),Payne: 17/18,Huddersfield,Huddersfield
Jamie Murphy,MID,2016-17,2,2017-18,6.0,0.0,0.0,50.0,Jamie Murphy (2017-18),Murphy: 17/18,Brighton,Brighton
Chris Löwe,DEF,2016-17,2,2017-18,60.0,0.0,0.0,45.0,Chris Löwe (2017-18),Löwe: 17/18,Huddersfield,Huddersfield
Isaac Hayden,MID,2016-17,2,2017-18,41.0,1.0,0.0,45.0,Isaac Hayden (2017-18),Hayden: 17/18,Newcastle,Newcastle
Lewis Dunk,DEF,2016-17,2,2017-18,97.0,1.0,1.0,45.0,Lewis Dunk (2017-18),Dunk: 17/18,Brighton,Brighton
Shane Duffy,DEF,2016-17,2,2017-18,100.0,0.0,2.0,45.0,Shane Duffy (2017-18),Duffy: 17/18,Brighton,Brighton
Philip Billing,MID,2016-17,2,2017-18,22.0,0.0,0.0,45.0,Philip Billing (2017-18),Billing: 17/18,Huddersfield,Huddersfield
John Fleck,MID,2018-19,2,2019-20,101.0,5.0,2.0,50.0,John Fleck (2019-20),Fleck: 19/20,Sheffield Utd,Sheffield Utd
Jordan Clark,MID,2022-23,2,2023-24,44.0,1.0,1.0,50.0,Jordan Clark (2023-24),Clark: 23/24,Luton,Luton
Alfie Doughty,DEF,2022-23,2,2023-24,101.0,2.0,10.0,45.0,Alfie Doughty (2023-24),Doughty: 23/24,Luton,Luton
John Egan,DEF,2022-23,2,2023-24,1.0,0.0,0.0,45.0,John Egan (2023-24),Egan: 23/24,Sheffield Utd,Sheffield Utd
Jayden Bogle,DEF,2022-23,2,2023-24,63.0,3.0,3.0,45.0,Jayden Bogle (2023-24),Bogle: 23/24,Sheffield Utd,Sheffield Utd
Luke Freeman,MID,2022-23,2,2023-24,0.0,0.0,0.0,50.0,Luke Freeman (2023-24),Freeman: 23/24,Luton,Luton
Emiliano Marcondes,MID,2021-22,2,2022-23,1.0,0.0,0.0,50.0,Emiliano Marcondes (2022-23),Marcondes: 22/23,Bournemouth,Bournemouth
Liam Cooper,DEF,2019-20,2,2020-21,59.0,1.0,0.0,45.0,Liam Cooper (2020-21),Cooper: 20/21,Leeds,Leeds
Reece Burke,DEF,2022-23,2,2023-24,40.0,0.0,4.0,40.0,Reece Burke (2023-24),Burke: 23/24,Luton,Luton
Kyle Edwards,MID,2019-20,2,2020-21,5.0,0.0,0.0,50.0,Kyle Edwards (2020-21),Edwards: 20/21,West Brom,West Brom
Oliver Norwood,MID,2022-23,2,2023-24,42.0,1.0,0.0,50.0,Oliver Norwood (2023-24),Norwood: 23/24,Sheffield Utd,Sheffield Utd
Gabriel Osho,DEF,2022-23,2,2023-24,41.0,2.0,0.0,45.0,Gabriel Osho (2023-24),Osho: 23/24,Luton,Luton
Christoph Zimmermann,DEF,2018-19,2,2019-20,35.0,0.0,1.0,45.0,Christoph Zimmermann (2019-20),Zimmermann: 19/20,Norwich,Norwich
Tyrone Mings,DEF,2018-19,2,2019-20,90.0,2.0,2.0,45.0,Tyrone Mings (2019-20),Mings: 19/20,Aston Villa,Aston Villa
Darnell Furlong,DEF,2019-20,2,2020-21,79.0,1.0,3.0,45.0,Darnell Furlong (2020-21),Furlong: 20/21,West Brom,West Brom
Moritz Leitner,MID,2018-19,2,2019-20,16.0,0.0,0.0,45.0,Moritz Leitner (2019-20),Leitner: 19/20,Norwich,Norwich
Daniel Jebbison,FWD,2022-23,1,2023-24,1.0,0.0,0.0,50.0,Daniel Jebbison (2023-24),Jebbison: 23/24,Sheffield Utd,Sheffield Utd
Max Lowe,DEF,2022-23,1,2023-24,13.0,0.0,1.0,45.0,Max Lowe (2023-24),Lowe: 23/24,Sheffield Utd,Sheffield Utd
Ben Osborn,MID,2022-23,1,2023-24,38.0,0.0,2.0,50.0,Ben Osborn (2023-24),Osborn: 23/24,Sheffield Utd,Sheffield Utd
John Fleck,MID,2022-23,1,2023-24,3.0,0.0,0.0,50.0,John Fleck (2023-24),Fleck: 23/24,Sheffield Utd,Sheffield Utd
Lyle Foster,FWD,2022-23,1,2023-24,75.0,5.0,3.0,50.0,Lyle Foster (2023-24),Foster: 23/24,Burnley,Burnley
Josh Onomah,MID,2021-22,1,2022-23,2.0,0.0,0.0,45.0,Josh Onomah (2022-23),Onomah: 22/23,Fulham,Fulham
Hjalmar Ekdal,DEF,2022-23,1,2023-24,15.0,0.0,0.0,40.0,Hjalmar Ekdal (2023-24),Ekdal: 23/24,Burnley,Burnley
George Baldock,DEF,2022-23,1,2023-24,21.0,0.0,2.0,40.0,George Baldock (2023-24),Baldock: 23/24,Sheffield Utd,Sheffield Utd
Tim Ream,DEF,2021-22,1,2022-23,98.0,1.0,0.0,45.0,Tim Ream (2022-23),Ream: 22/23,Fulham,Fulham
Alexander Mighten,MID,2021-22,1,2022-23,1.0,0.0,0.0,50.0,Alexander Mighten (2022-23),Mighten: 22/23,Nott'm Forest,Nott'm Forest
Jefferson Lerma,MID,2021-22,1,2022-23,101.0,5.0,0.0,50.0,Jefferson Lerma (2022-23),Lerma: 22/23,Bournemouth,Bournemouth
Lloyd Kelly,DEF,2021-22,1,2022-23,60.0,0.0,2.0,45.0,Lloyd Kelly (2022-23),Kelly: 22/23,Bournemouth,Bournemouth
Lewis Cook,MID,2021-22,1,2022-23,51.0,0.0,2.0,50.0,Lewis Cook (2022-23),Cook: 22/23,Bournemouth,Bournemouth
David Brooks,MID,2021-22,1,2022-23,5.0,0.0,0.0,55.0,David Brooks (2022-23),Brooks: 22/23,Bournemouth,Bournemouth
Samuel Bastien,MID,2022-23,1,2023-24,0.0,0.0,0.0,50.0,Samuel Bastien (2023-24),Bastien: 23/24,Burnley,Burnley
Amari'i Bell,DEF,2022-23,1,2023-24,35.0,0.0,0.0,40.0,Amari'i Bell (2023-24),Bell: 23/24,Luton,Luton
Jordan Beyer,DEF,2022-23,1,2023-24,30.0,0.0,1.0,40.0,Jordan Beyer (2023-24),Beyer: 23/24,Burnley,Burnley
Rhian Brewster,FWD,2022-23,1,2023-24,11.0,0.0,0.0,50.0,Rhian Brewster (2023-24),Brewster: 23/24,Sheffield Utd,Sheffield Utd
Josh Cullen,MID,2022-23,1,2023-24,65.0,2.0,4.0,50.0,Josh Cullen (2023-24),Cullen: 23/24,Burnley,Burnley
Grant Hanley,DEF,2016-17,1,2017-18,0.0,0.0,0.0,40.0,Grant Hanley (2017-18),Hanley: 17/18,Newcastle,Newcastle
Kieran Gibbs,DEF,2019-20,1,2020-21,5.0,0.0,0.0,45.0,Kieran Gibbs (2020-21),Gibbs: 20/21,West Brom,West Brom
Philip Zinckernagel,MID,2020-21,1,2021-22,0.0,0.0,0.0,55.0,Philip Zinckernagel (2021-22),Zinckernagel: 21/22,Watford,Watford
George Baldock,DEF,2018-19,1,2019-20,142.0,2.0,4.0,45.0,George Baldock (2019-20),Baldock: 19/20,Sheffield Utd,Sheffield Utd
Todd Cantwell,MID,2018-19,1,2019-20,111.0,6.0,2.0,45.0,Todd Cantwell (2019-20),Cantwell: 19/20,Norwich,Norwich
John Egan,DEF,2018-19,1,2019-20,133.0,2.0,1.0,45.0,John Egan (2019-20),Egan: 19/20,Sheffield Utd,Sheffield Utd
Andre Green,MID,2018-19,1,2019-20,0.0,0.0,0.0,50.0,Andre Green (2019-20),Green: 19/20,Aston Villa,Aston Villa
Grant Hanley,DEF,2018-19,1,2019-20,23.0,0.0,0.0,40.0,Grant Hanley (2019-20),Hanley: 19/20,Norwich,Norwich
Kortney Hause,DEF,2018-19,1,2019-20,34.0,1.0,0.0,45.0,Kortney Hause (2019-20),Hause: 19/20,Aston Villa,Aston Villa
Dennis Srbeny,FWD,2018-19,1,2019-20,13.0,1.0,0.0,55.0,Dennis Srbeny (2019-20),Srbeny: 19/20,Norwich,Norwich
Richard Stearman,DEF,2018-19,1,2019-20,0.0,0.0,0.0,40.0,Richard Stearman (2019-20),Stearman: 19/20,Sheffield Utd,Sheffield Utd
Alexander Tettey,MID,2018-19,1,2019-20,67.0,1.0,1.0,45.0,Alexander Tettey (2019-20),Tettey: 19/20,Norwich,Norwich
Tom Trybull,MID,2018-19,1,2019-20,28.0,0.0,0.0,45.0,Tom Trybull (2019-20),Trybull: 19/20,Norwich,Norwich
Stephen Ward,DEF,2015-16,1,2016-17,91.0,1.0,1.0,45.0,Stephen Ward (2016-17),Ward: 16/17,Burnley,Burnley
James Tarkowski,DEF,2015-16,1,2016-17,23.0,0.0,0.0,40.0,James Tarkowski (2016-17),Tarkowski: 16/17,Burnley,Burnley
Tim Ream,DEF,2017-18,1,2018-19,50.0,0.0,0.0,45.0,Tim Ream (2018-19),Ream: 18/19,Fulham,Fulham
Matthew Lowton,DEF,2015-16,1,2016-17,90.0,0.0,2.0,45.0,Matthew Lowton (2016-17),Lowton: 16/17,Burnley,Burnley
Danny Batth,DEF,2017-18,1,2018-19,0.0,0.0,0.0,40.0,Danny Batth (2018-19),Batth: 18/19,Wolves,Wolves
Uwe Hünemeier,DEF,2016-17,1,2017-18,1.0,0.0,0.0,40.0,Uwe Hünemeier (2017-18),Hünemeier: 17/18,Brighton,Brighton
Joe Lolley,MID,2016-17,1,2017-18,11.0,1.0,0.0,45.0,Joe Lolley (2017-18),Lolley: 17/18,Huddersfield,Huddersfield
Chancel Mbemba,DEF,2016-17,1,2017-18,20.0,0.0,0.0,40.0,Chancel Mbemba (2017-18),Mbemba: 17/18,Newcastle,Newcastle
Steven Sidwell,MID,2016-17,1,2017-18,0.0,0.0,0.0,45.0,Steven Sidwell (2017-18),Sidwell: 17/18,Brighton,Brighton
DeAndre Yedlin,DEF,2016-17,1,2017-18,88.0,0.0,2.0,45.0,DeAndre Yedlin (2017-18),Yedlin: 17/18,Newcastle,Newcastle
Joe Bennett,DEF,2017-18,1,2018-19,77.0,0.0,1.0,45.0,Joe Bennett (2018-19),Bennett: 18/19,Cardiff,Cardiff
Denis Odoi,DEF,2017-18,1,2018-19,44.0,0.0,1.0,45.0,Denis Odoi (2018-19),Odoi: 18/19,Fulham,Fulham
Ryan Bennett,DEF,2017-18,1,2018-19,89.0,1.0,0.0,40.0,Ryan Bennett (2018-19),Bennett: 18/19,Wolves,Wolves
Conor Coady,DEF,2017-18,1,2018-19,94.0,0.0,0.0,45.0,Conor Coady (2018-19),Coady: 18/19,Wolves,Wolves
Bright Enobakhare,MID,2017-18,1,2018-19,0.0,0.0,0.0,45.0,Bright Enobakhare (2018-19),Enobakhare: 18/19,Wolves,Wolves
Aron Gunnarsson,MID,2017-18,1,2018-19,65.0,1.0,1.0,45.0,Aron Gunnarsson (2018-19),Gunnarsson: 18/19,Cardiff,Cardiff
Shaun Maloney,MID,2015-16,1,2016-17,24.0,1.0,2.0,45.0,Shaun Maloney (2016-17),Maloney: 16/17,Hull,Hull
David Jones,MID,2015-16,1,2016-17,1.0,0.0,0.0,50.0,David Jones (2016-17),Jones: 16/17,Burnley,Burnley
Ben Wilmot,DEF,2020-21,1,2021-22,0.0,0.0,0.0,45.0,Ben Wilmot (2021-22),Wilmot: 21/22,Watford,Watford
Ethan Pinnock,DEF,2020-21,1,2021-22,90.0,1.0,1.0,45.0,Ethan Pinnock (2021-22),Pinnock: 21/22,Brentford,Brentford
Grant Hanley,DEF,2020-21,1,2021-22,71.0,1.0,0.0,45.0,Grant Hanley (2021-22),Hanley: 21/22,Norwich,Norwich
Rico Henry,DEF,2020-21,1,2021-22,108.0,3.0,0.0,45.0,Rico Henry (2021-22),Henry: 21/22,Brentford,Brentford
Christian Kabasele,DEF,2020-21,1,2021-22,21.0,0.0,0.0,45.0,Christian Kabasele (2021-22),Kabasele: 21/22,Watford,Watford
Josh Martin,MID,2020-21,1,2021-22,0.0,0.0,0.0,50.0,Josh Martin (2021-22),Martin: 21/22,Norwich,Norwich
Stipe Perica,FWD,2020-21,1,2021-22,0.0,0.0,0.0,45.0,Stipe Perica (2021-22),Perica: 21/22,Watford,Watford
Craig Cathcart,DEF,2020-21,1,2021-22,50.0,0.0,1.0,45.0,Craig Cathcart (2021-22),Cathcart: 21/22,Watford,Watford
Francisco Sierralta,DEF,2020-21,1,2021-22,5.0,0.0,0.0,45.0,Francisco Sierralta (2021-22),Sierralta: 21/22,Watford,Watford
Jacob Sørensen,DEF,2020-21,1,2021-22,9.0,0.0,0.0,45.0,Jacob Sørensen (2021-22),Sørensen: 21/22,Norwich,Norwich
Marco Stiepermann,MID,2020-21,1,2021-22,0.0,0.0,0.0,50.0,Marco Stiepermann (2021-22),Stiepermann: 21/22,Norwich,Norwich
Isaac Success,FWD,2020-21,1,2021-22,0.0,0.0,0.0,50.0,Isaac Success (2021-22),Success: 21/22,Watford,Watford
William Troost-Ekong,DEF,2020-21,1,2021-22,18.0,0.0,0.0,45.0,William Troost-Ekong (2021-22),Troost/Ekong: 21/22,Watford,Watford
Domingos Quina,MID,2020-21,1,2021-22,0.0,0.0,0.0,45.0,Domingos Quina (2021-22),Quina: 21/22,Watford,Watford
Alex Bruce,DEF,2015-16,1,2016-17,0.0,0.0,0.0,40.0,Alex Bruce (2016-17),Bruce: 16/17,Hull,Hull
Ahmed Hegazy,DEF,2019-20,1,2020-21,6.0,0.0,0.0,45.0,Ahmed Hegazy (2020-21),Hegazy: 20/21,West Brom,West Brom
Rouwen Hennings,FWD,2015-16,1,2016-17,0.0,0.0,0.0,45.0,Rouwen Hennings (2016-17),Hennings: 16/17,Burnley,Burnley
Kyle Bartley,DEF,2019-20,1,2020-21,79.0,3.0,1.0,45.0,Kyle Bartley (2020-21),Bartley: 20/21,West Brom,West Brom
Joe Bryan,DEF,2019-20,1,2020-21,27.0,1.0,1.0,50.0,Joe Bryan (2020-21),Bryan: 20/21,Fulham,Fulham
Cyrus Christie,DEF,2019-20,1,2020-21,0.0,0.0,0.0,45.0,Cyrus Christie (2020-21),Christie: 20/21,Fulham,Fulham
Jonathan Hogg,MID,2016-17,1,2017-18,53.0,0.0,0.0,45.0,Jonathan Hogg (2017-18),Hogg: 17/18,Huddersfield,Huddersfield
Romaine Sawyers,MID,2019-20,1,2020-21,33.0,0.0,0.0,50.0,Romaine Sawyers (2020-21),Sawyers: 20/21,West Brom,West Brom
Adam Clayton,MID,2015-16,1,2016-17,70.0,0.0,2.0,45.0,Adam Clayton (2016-17),Clayton: 16/17,Middlesbrough,Middlesbrough
Ben Gibson,DEF,2015-16,1,2016-17,121.0,1.0,1.0,45.0,Ben Gibson (2016-17),Gibson: 16/17,Middlesbrough,Middlesbrough
George Friend,DEF,2015-16,1,2016-17,59.0,0.0,3.0,45.0,George Friend (2016-17),Friend: 16/17,Middlesbrough,Middlesbrough
Michael Dawson,DEF,2015-16,1,2016-17,46.0,3.0,0.0,45.0,Michael Dawson (2016-17),Dawson: 16/17,Hull,Hull
Tendayi Darikwa,DEF,2015-16,1,2016-17,0.0,0.0,0.0,45.0,Tendayi Darikwa (2016-17),Darikwa: 16/17,Burnley,Burnley
Dan Potts,DEF,2022-23,1,2023-24,0.0,0.0,0.0,40.0,Dan Potts (2023-24),Potts: 23/24,Luton,Luton
Moussa Dembélé,MID,2015-16,15,2016-17,76.0,1.0,2.0,55.0,Moussa Dembélé (2016-17),Dembélé: 16-17,Fulham,Spurs
Benik Afobe,FWD,2015-16,9,2016-17,88.0,6.0,5.0,60.0,Benik Afobe (2016-17),Afobe: 16-17,Wolves,Bournemouth
Charlie Austin,FWD,2015-16,9,2016-17,62.0,6.0,1.0,65.0,Charlie Austin (2016-17),Austin: 16-17,Queens Park Rangers,Southampton
Ademola Lookman,MID,2015-16,5,2016-17,16.0,1.0,0.0,55.0,Ademola Lookman (2016-17),Lookman: 16-17,Charlton Athletic,Everton
Adam Reach,MID,2015-16,5,2016-17,0.0,0.0,0.0,45.0,Adam Reach (2016-17),Reach: 16-17,Preston North End,Middlesbrough
James Wilson,FWD,2015-16,5,2016-17,0.0,0.0,0.0,50.0,James Wilson (2016-17),Wilson: 16-17,Brighton,Man Utd
Ryan Fraser,MID,2015-16,4,2016-17,100.0,3.0,9.0,50.0,Ryan Fraser (2016-17),Fraser: 16-17,Ipswich,Bournemouth
Jake Livermore,MID,2015-16,4,2016-17,77.0,1.0,1.0,50.0,Jake Livermore (2016-17),Livermore: 16-17,Hull,West Brom
Chuba Akpom,FWD,2015-16,3,2016-17,0.0,0.0,0.0,55.0,Chuba Akpom (2016-17),Akpom: 16-17,Hull,Arsenal
Sam Byram,DEF,2015-16,3,2016-17,29.0,0.0,1.0,45.0,Sam Byram (2016-17),Byram: 16-17,Leeds,West Ham
Paul Robinson,GK,2015-16,3,2016-17,5.0,0.0,0.0,40.0,Paul Robinson (2016-17),Robinson: 16-17,Birmingham City,Burnley
Hal Robson-Kanu,FWD,2015-16,3,2016-17,52.0,3.0,2.0,50.0,Hal Robson-Kanu (2016-17),Robson-Kanu: 16-17,Reading FC,West Brom
Yaya Sanogo,FWD,2015-16,3,2016-17,0.0,0.0,0.0,50.0,Yaya Sanogo (2016-17),Sanogo: 16-17,Charlton Athletic,Arsenal
Robert Snodgrass,MID,2015-16,3,2016-17,133.0,7.0,6.0,55.0,Robert Snodgrass (2016-17),Snodgrass: 16-17,Hull,West Ham
Michail Antonio,MID,2015-16,2,2016-17,132.0,9.0,8.0,70.0,Michail Antonio (2016-17),Antonio: 16-17,Nott'm Forest,West Ham
Leroy Fer,MID,2015-16,2,2016-17,95.0,6.0,2.0,50.0,Leroy Fer (2016-17),Fer: 16-17,Queens Park Rangers,Swansea
Jeff Hendrick,MID,2015-16,2,2016-17,76.0,2.0,1.0,55.0,Jeff Hendrick (2016-17),Hendrick: 16-17,Derby County,Burnley
Lewis Cook,MID,2015-16,1,2016-17,17.0,0.0,2.0,45.0,Lewis Cook (2016-17),Cook: 16-17,Leeds,Bournemouth
Demarai Gray,MID,2015-16,1,2016-17,58.0,1.0,4.0,50.0,Demarai Gray (2016-17),Gray: 16-17,Birmingham City,Leicester
Rob Holding,DEF,2015-16,1,2016-17,32.0,0.0,0.0,45.0,Rob Holding (2016-17),Holding: 16-17,Bolton Wanderers,Arsenal
Emerson Hyndman,MID,2015-16,1,2016-17,0.0,0.0,0.0,45.0,Emerson Hyndman (2016-17),Hyndman: 16-17,Fulham,Bournemouth
Will Keane,FWD,2015-16,1,2016-17,8.0,0.0,0.0,45.0,Will Keane (2016-17),Keane: 16-17,Preston North End,Hull
Ainsley Maitland-Niles,MID,2015-16,1,2016-17,1.0,0.0,0.0,45.0,Ainsley Maitland-Niles (2016-17),Maitland-Niles: 16-17,Ipswich,Arsenal
Chris Wood,FWD,2016-17,27,2017-18,104.0,10.0,1.0,65.0,Chris Wood (2017-18),Wood: 17-18,Leeds,Burnley
Tammy Abraham,FWD,2016-17,23,2017-18,86.0,5.0,3.0,55.0,Tammy Abraham (2017-18),Abraham: 17-18,Bristol City,Swansea
Tom Ince,MID,2016-17,14,2017-18,82.0,2.0,1.0,60.0,Tom Ince (2017-18),Ince: 17-18,Derby County,Huddersfield
Jordan Hugill,FWD,2016-17,12,2017-18,3.0,0.0,0.0,55.0,Jordan Hugill (2017-18),Hugill: 17-18,Preston North End,West Ham
Danny Ward,GK,2016-17,11,2017-18,0.0,0.0,0.0,45.0,Danny Ward (2017-18),Ward: 17-18,Rotherham United,Liverpool
Nahki Wells,FWD,2016-17,10,2017-18,9.0,0.0,0.0,50.0,Nahki Wells (2017-18),Wells: 17-18,Huddersfield,Burnley
Jacob Murphy,MID,2016-17,9,2017-18,51.0,1.0,2.0,55.0,Jacob Murphy (2017-18),Murphy: 17-18,Norwich,Newcastle
Kyle Bartley,DEF,2016-17,6,2017-18,5.0,0.0,0.0,45.0,Kyle Bartley (2017-18),Bartley: 17-18,Leeds,Swansea
Scott Malone,DEF,2016-17,6,2017-18,41.0,0.0,1.0,45.0,Scott Malone (2017-18),Malone: 17-18,Fulham,Huddersfield
Alex Pritchard,MID,2016-17,6,2017-18,40.0,1.0,2.0,55.0,Alex Pritchard (2017-18),Pritchard: 17-18,Norwich,Huddersfield
Oliver Burke,MID,2016-17,4,2017-18,23.0,0.0,2.0,55.0,Oliver Burke (2017-18),Burke: 17-18,Nott'm Forest,West Brom
Kasey Palmer,MID,2016-17,4,2017-18,4.0,0.0,0.0,55.0,Kasey Palmer (2017-18),Palmer: 17-18,Huddersfield,Chelsea
Will Hughes,MID,2016-17,2,2017-18,53.0,2.0,3.0,50.0,Will Hughes (2017-18),Hughes: 17-18,Derby County,Watford
Matty James,MID,2016-17,1,2017-18,26.0,0.0,0.0,45.0,Matty James (2017-18),James: 17-18,Barnsley FC,Leicester
James Maddison,MID,2017-18,14,2018-19,137.0,7.0,7.0,65.0,James Maddison (2018-19),Maddison: 18-19,Norwich,Leicester
Kieran Dowell,MID,2017-18,9,2018-19,0.0,0.0,0.0,45.0,Kieran Dowell (2018-19),Dowell: 18-19,Nott'm Forest,Everton
Josh Murphy,MID,2017-18,7,2018-19,76.0,3.0,2.0,50.0,Josh Murphy (2018-19),Murphy: 18-19,Norwich,Cardiff
Sam Gallagher,FWD,2017-18,6,2018-19,4.0,0.0,0.0,45.0,Sam Gallagher (2018-19),Gallagher: 18-19,Birmingham City,Southampton
Adama Traoré,MID,2017-18,5,2018-19,44.0,1.0,1.0,55.0,Adama Traoré (2018-19),Traoré: 18-19,Middlesbrough,Wolves
Joe Bryan,DEF,2017-18,5,2018-19,52.0,0.0,1.0,50.0,Joe Bryan (2018-19),Bryan: 18-19,Bristol City,Fulham
Danny Ward,GK,2017-18,4,2018-19,0.0,0.0,0.0,45.0,Danny Ward (2018-19),Ward: 18-19,Cardiff,Leicester
David Brooks,MID,2017-18,3,2018-19,123.0,7.0,6.0,50.0,David Brooks (2018-19),Brooks: 18-19,Sheffield Utd,Bournemouth
Leandro Bacuna,DEF,2017-18,1,2018-19,17.0,0.0,1.0,45.0,Leandro Bacuna (2018-19),Bacuna: 18-19,Reading FC,Cardiff
Cyrus Christie,DEF,2017-18,1,2018-19,42.0,0.0,1.0,45.0,Cyrus Christie (2018-19),Christie: 18-19,Middlesbrough,Fulham
Greg Cunningham,DEF,2017-18,1,2018-19,9.0,0.0,0.0,45.0,Greg Cunningham (2018-19),Cunningham: 18-19,Preston North End,Cardiff
Ben Gibson,DEF,2017-18,1,2018-19,6.0,1.0,0.0,50.0,Ben Gibson (2018-19),Gibson: 18-19,Middlesbrough,Burnley
Chris Mepham,DEF,2017-18,1,2018-19,27.0,0.0,1.0,45.0,Chris Mepham (2018-19),Mepham: 18-19,Brentford,Bournemouth
Neal Maupay,FWD,2018-19,25,2019-20,131.0,10.0,3.0,60.0,Neal Maupay (2019-20),Maupay: 19-20,Brentford,Brighton
Jarrod Bowen,MID,2018-19,22,2019-20,44.0,1.0,4.0,65.0,Jarrod Bowen (2019-20),Bowen: 19-20,Hull,West Ham
Oliver McBurnie,FWD,2018-19,22,2019-20,86.0,6.0,1.0,60.0,Oliver McBurnie (2019-20),McBurnie: 19-20,Swansea City,Sheffield Utd
Jay Rodriguez,FWD,2018-19,22,2019-20,100.0,8.0,2.0,60.0,Jay Rodriguez (2019-20),Rodriguez: 19-20,West Brom,Burnley
Harry Wilson,MID,2018-19,15,2019-20,91.0,7.0,1.0,60.0,Harry Wilson (2019-20),Wilson: 19-20,Derby County,Bournemouth
Callum Robinson,MID,2018-19,12,2019-20,33.0,1.0,2.0,55.0,Callum Robinson (2019-20),Robinson: 19-20,Preston North End,Sheffield Utd
Mason Mount,MID,2018-19,8,2019-20,137.0,7.0,6.0,60.0,Mason Mount (2019-20),Mount: 19-20,Derby County,Chelsea
Luke Freeman,MID,2018-19,7,2019-20,13.0,0.0,0.0,55.0,Luke Freeman (2019-20),Freeman: 19-20,Queens Park Rangers,Sheffield Utd
Leon Clarke,FWD,2018-19,6,2019-20,2.0,0.0,0.0,45.0,Leon Clarke (2019-20),Clarke: 19-20,Wigan Athletic,Sheffield Utd
Josh Brownhill,MID,2018-19,5,2019-20,21.0,0.0,0.0,50.0,Josh Brownhill (2019-20),Brownhill: 19-20,Bristol City,Burnley
Reece James,DEF,2018-19,3,2019-20,61.0,0.0,2.0,50.0,Reece James (2019-20),James: 19-20,Wigan Athletic,Chelsea
Adam Webster,DEF,2018-19,3,2019-20,88.0,3.0,1.0,45.0,Adam Webster (2019-20),Webster: 19-20,Bristol City,Brighton
Muhamed Bešić,MID,2018-19,2,2019-20,9.0,0.0,0.0,45.0,Muhamed Bešić (2019-20),Bešić: 19-20,Middlesbrough,Sheffield Utd
Craig Dawson,DEF,2018-19,2,2019-20,61.0,2.0,0.0,50.0,Craig Dawson (2019-20),Dawson: 19-20,West Brom,Watford
Erik Pieters,DEF,2018-19,2,2019-20,77.0,0.0,5.0,45.0,Erik Pieters (2019-20),Pieters: 19-20,Stoke City,Burnley
Jack Robinson,DEF,2018-19,2,2019-20,14.0,0.0,0.0,40.0,Jack Robinson (2019-20),Robinson: 19-20,Nott'm Forest,Sheffield Utd
Lloyd Kelly,DEF,2018-19,1,2019-20,11.0,0.0,0.0,45.0,Lloyd Kelly (2019-20),Kelly: 19-20,Bristol City,Bournemouth
Ben Osborn,MID,2018-19,1,2019-20,19.0,0.0,0.0,50.0,Ben Osborn (2019-20),Osborn: 19-20,Nott'm Forest,Sheffield Utd
Jack Rodwell,MID,2018-19,1,2019-20,1.0,0.0,0.0,45.0,Jack Rodwell (2019-20),Rodwell: 19-20,Blackburn Rovers,Sheffield Utd
Ollie Watkins,FWD,2019-20,25,2020-21,168.0,14.0,9.0,60.0,Ollie Watkins (2020-21),Watkins: 20-21,Brentford,Aston Villa
Karlan Grant,FWD,2019-20,19,2020-21,41.0,1.0,0.0,60.0,Karlan Grant (2020-21),Grant: 20-21,Huddersfield,West Brom
Saïd Benrahma,MID,2019-20,17,2020-21,73.0,1.0,6.0,60.0,Saïd Benrahma (2020-21),Benrahma: 20-21,Brentford,West Ham
Eberechi Eze,MID,2019-20,14,2020-21,125.0,4.0,8.0,60.0,Eberechi Eze (2020-21),Eze: 20-21,Queens Park Rangers,Crystal Palace
Rhian Brewster,FWD,2019-20,10,2020-21,34.0,0.0,0.0,45.0,Rhian Brewster (2020-21),Brewster: 20-21,Swansea City,Sheffield Utd
Conor Gallagher,MID,2019-20,6,2020-21,71.0,2.0,2.0,55.0,Conor Gallagher (2020-21),Gallagher: 20-21,Swansea City,West Brom
Tosin Adarabioyo,DEF,2019-20,3,2020-21,100.0,0.0,1.0,45.0,Tosin Adarabioyo (2020-21),Adarabioyo: 20-21,Blackburn Rovers,Fulham
Jayden Bogle,DEF,2019-20,1,2020-21,39.0,2.0,0.0,45.0,Jayden Bogle (2020-21),Bogle: 20-21,Derby County,Sheffield Utd
Nathan Ferguson,DEF,2019-20,1,2020-21,0.0,0.0,0.0,40.0,Nathan Ferguson (2020-21),Ferguson: 20-21,West Brom,Crystal Palace
Joe Gelhardt,FWD,2019-20,1,2020-21,0.0,0.0,0.0,45.0,Joe Gelhardt (2020-21),Gelhardt: 20-21,Wigan Athletic,Leeds
Antonee Robinson,DEF,2019-20,1,2020-21,57.0,0.0,0.0,45.0,Antonee Robinson (2020-21),Robinson: 20-21,Wigan Athletic,Fulham
Adam Armstrong,FWD,2020-21,28,2021-22,57.0,2.0,3.0,60.0,Adam Armstrong (2021-22),Armstrong: 21-22,Blackburn Rovers,Southampton
Michael Olise,MID,2020-21,7,2021-22,73.0,2.0,6.0,55.0,Michael Olise (2021-22),Olise: 21-22,Reading FC,Crystal Palace
Connor Roberts,DEF,2020-21,5,2021-22,69.0,1.0,1.0,45.0,Connor Roberts (2021-22),Roberts: 21-22,Swansea City,Burnley
Kiernan Dewsbury-Hall,MID,2020-21,3,2021-22,70.0,1.0,2.0,45.0,Kiernan Dewsbury-Hall (2021-22),Dewsbury-Hall: 21-22,Luton,Leicester
Nathan Collins,DEF,2020-21,2,2021-22,55.0,2.0,0.0,45.0,Nathan Collins (2021-22),Collins: 21-22,Stoke City,Burnley
Ashley Fletcher,FWD,2020-21,2,2021-22,3.0,0.0,0.0,50.0,Ashley Fletcher (2021-22),Fletcher: 21-22,Middlesbrough,Watford
Will Hughes,MID,2020-21,2,2021-22,34.0,0.0,2.0,50.0,Will Hughes (2021-22),Hughes: 21-22,Watford,Crystal Palace
Keane Lewis-Potter,MID,2021-22,12,2022-23,14.0,0.0,1.0,55.0,Keane Lewis-Potter (2022-23),Lewis-Potter: 22-23,Hull,Brentford
Morgan Gibbs-White,MID,2021-22,11,2022-23,145.0,5.0,12.0,55.0,Morgan Gibbs-White (2022-23),Gibbs-White: 22-23,Sheffield Utd,Nott'm Forest
Kieffer Moore,FWD,2021-22,9,2022-23,57.0,4.0,0.0,55.0,Kieffer Moore (2022-23),Moore: 22-23,Cardiff,Bournemouth
Sam Surridge,FWD,2021-22,9,2022-23,26.0,1.0,0.0,50.0,Sam Surridge (2022-23),Surridge: 22-23,Stoke City,Nott'm Forest
Antoine Semenyo,FWD,2021-22,8,2022-23,18.0,1.0,0.0,50.0,Antoine Semenyo (2022-23),Semenyo: 22-23,Bristol City,Bournemouth
Siriki Dembélé,MID,2021-22,7,2022-23,6.0,0.0,0.0,50.0,Siriki Dembélé (2022-23),Dembélé: 22-23,Peterborough United,Bournemouth
Jamal Lowe,MID,2021-22,7,2022-23,2.0,0.0,0.0,55.0,Jamal Lowe (2022-23),Lowe: 22-23,Swansea City,Bournemouth
Harry Toffolo,DEF,2021-22,6,2022-23,30.0,0.0,0.0,45.0,Harry Toffolo (2022-23),Toffolo: 22-23,Huddersfield,Nott'm Forest
Marcus Tavernier,MID,2021-22,5,2022-23,94.0,5.0,4.0,50.0,Marcus Tavernier (2022-23),Tavernier: 22-23,Middlesbrough,Bournemouth
James Garner,MID,2021-22,4,2022-23,25.0,0.0,1.0,45.0,James Garner (2022-23),Garner: 22-23,Nott'm Forest,Everton
Luke Plange,FWD,2021-22,4,2022-23,0.0,0.0,0.0,45.0,Luke Plange (2022-23),Plange: 22-23,Derby County,Crystal Palace
Lewis O'Brien,MID,2021-22,3,2022-23,22.0,1.0,0.0,50.0,Lewis O'Brien (2022-23),O'Brien: 22-23,Huddersfield,Nott'm Forest
Joe Rothwell,MID,2021-22,3,2022-23,33.0,0.0,1.0,50.0,Joe Rothwell (2022-23),Rothwell: 22-23,Blackburn Rovers,Bournemouth
Levi Colwill,DEF,2021-22,2,2022-23,46.0,0.0,2.0,45.0,Levi Colwill (2022-23),Colwill: 22-23,Huddersfield,Brighton
Djed Spence,DEF,2021-22,2,2022-23,4.0,0.0,0.0,45.0,Djed Spence (2022-23),Spence: 22-23,Nott'm Forest,Spurs
Neco Williams,DEF,2021-22,2,2022-23,54.0,1.0,1.0,40.0,Neco Williams (2022-23),Williams: 22-23,Fulham,Nott'm Forest
James Bree,DEF,2021-22,1,2022-23,4.0,0.0,0.0,45.0,James Bree (2022-23),Bree: 22-23,Luton,Southampton
Matt Clarke,DEF,2021-22,1,2022-23,0.0,0.0,0.0,40.0,Matt Clarke (2022-23),Clarke: 22-23,West Brom,Brighton
Flynn Downes,MID,2021-22,1,2022-23,27.0,0.0,0.0,45.0,Flynn Downes (2022-23),Downes: 22-23,Swansea City,West Ham
Malcolm Ebiowei,MID,2021-22,1,2022-23,3.0,0.0,0.0,45.0,Malcolm Ebiowei (2022-23),Ebiowei: 22-23,Derby County,Crystal Palace
Sepp van den Berg,DEF,2021-22,1,2022-23,0.0,0.0,0.0,40.0,Sepp van den Berg (2022-23),van den Berg: 22-23,Preston North End,Liverpool
Jan Paul van Hecke,DEF,2021-22,1,2022-23,6.0,0.0,0.0,40.0,Jan Paul van Hecke (2022-23),Paul van Hecke: 22-23,Blackburn Rovers,Brighton
Ben Brereton,MID,2022-23,14,2023-24,62.0,6.0,1.0,50.0,Ben Brereton (2023-24),Brereton: 23-24,Blackburn Rovers,Sheffield Utd
Cameron Archer,FWD,2022-23,11,2023-24,82.0,4.0,3.0,45.0,Cameron Archer (2023-24),Archer: 23-24,Middlesbrough,Sheffield Utd
Gustavo Hamer,MID,2022-23,9,2023-24,108.0,4.0,7.0,50.0,Gustavo Hamer (2023-24),Hamer: 23-24,Coventry City,Sheffield Utd
Chiedozie Ogbene,FWD,2022-23,8,2023-24,84.0,4.0,4.0,50.0,Chiedozie Ogbene (2023-24),Ogbene: 23-24,Rotherham United,Luton
Aaron Ramsey,MID,2022-23,8,2023-24,18.0,0.0,0.0,50.0,Aaron Ramsey (2023-24),Ramsey: 23-24,Norwich,Burnley
Jacob Brown,FWD,2022-23,7,2023-24,39.0,2.0,1.0,50.0,Jacob Brown (2023-24),Brown: 23-24,Stoke City,Luton
Sander Berge,MID,2022-23,6,2023-24,74.0,1.0,2.0,50.0,Sander Berge (2023-24),Berge: 23-24,Sheffield Utd,Burnley
Michael Obafemi,FWD,2022-23,5,2023-24,2.0,0.0,0.0,50.0,Michael Obafemi (2023-24),Obafemi: 23-24,Swansea City,Burnley
Josh Bowler,MID,2022-23,4,2023-24,0.0,0.0,0.0,45.0,Josh Bowler (2023-24),Bowler: 23-24,Blackpool FC,Nott'm Forest
Tahith Chong,MID,2022-23,4,2023-24,78.0,4.0,2.0,50.0,Tahith Chong (2023-24),Chong: 23-24,Birmingham City,Luton
Ian Maatsen,MID,2022-23,4,2023-24,11.0,0.0,0.0,55.0,Ian Maatsen (2023-24),Maatsen: 23-24,Burnley,Chelsea
Auston Trusty,DEF,2022-23,4,2023-24,28.0,0.0,0.0,40.0,Auston Trusty (2023-24),Trusty: 23-24,Birmingham City,Sheffield Utd
Tommy Doyle,MID,2022-23,3,2023-24,38.0,0.0,0.0,45.0,Tommy Doyle (2023-24),Doyle: 23-24,Sheffield Utd,Wolves
Dara O'Shea,DEF,2022-23,2,2023-24,69.0,3.0,4.0,45.0,Dara O'Shea (2023-24),O'Shea: 23-24,West Brom,Burnley
Adam Wharton,MID,2022-23,2,2023-24,50.0,0.0,3.0,50.0,Adam Wharton (2023-24),Wharton: 23-24,Blackburn Rovers,Crystal Palace
Max Aarons,DEF,2022-23,1,2023-24,28.0,0.0,1.0,45.0,Max Aarons (2023-24),Aarons: 23-24,Norwich,Bournemouth
Cesare Casadei,MID,2022-23,1,2023-24,11.0,0.0,0.0,45.0,Cesare Casadei (2023-24),Casadei: 23-24,Reading FC,Chelsea
Ben Jackson,DEF,2022-23,1,2023-24,0.0,0.0,0.0,40.0,Ben Jackson (2023-24),Jackson: 23-24,Huddersfield,Brighton
Kaine Kesler-Hayden,DEF,2022-23,1,2023-24,3.0,0.0,0.0,40.0,Kaine Kesler-Hayden (2023-24),Kesler-Hayden: 23-24,Huddersfield,Aston Villa
Andrew Omobamidele,DEF,2022-23,1,2023-24,11.0,0.0,0.0,45.0,Andrew Omobamidele (2023-24),Omobamidele: 23-24,Norwich,Nott'm Forest
Morgan Rogers,MID,2022-23,1,2023-24,35.0,3.0,1.0,50.0,Morgan Rogers (2023-24),Rogers: 23-24,Blackpool FC,Aston Villa
Alex Scott,MID,2022-23,1,2023-24,41.0,1.0,1.0,50.0,Alex Scott (2023-24),Scott: 23-24,Bristol City,Bournemouth
Adama Traoré,MID,2022-23,1,2023-24,36.0,2.0,3.0,50.0,Adama Traoré (2023-24),Traoré: 23-24,Hull,Fulham
